manufacturer,model
현대,그랜저
현대,아반떼
현대,싼타페
현대,쏘나타
현대,투싼
현대,팰리세이드
현대,스타렉스
현대,스타리아
현대,제네시스
현대,코나
현대,캐스퍼
현대,에쿠스
현대,아이오닉5
현대,엑센트
현대,베뉴
현대,넥쏘
현대,벨로스터
현대,i30
현대,아이오닉
현대,i40
현대,맥스크루즈
현대,아이오닉6
현대,아슬란
현대,쏠라티
현대,베라크루즈
현대,갤로퍼
현대,테라칸
현대,투스카니
현대,베르나
현대,다이너스티
현대,엑셀
현대,티뷰론
현대,포니
현대,ST1
현대,아토스
현대,엘란트라
현대,트라제 XG
현대,마르샤
현대,산타모
현대,아이오닉9
현대,클릭
현대,스텔라
현대,그라나다
현대,그레이스
현대,라비타
현대,블루온
현대,스쿠프
현대,코티나
현대,프레스토
제네시스,G80
제네시스,GV80
제네시스,G70
제네시스,GV70
제네시스,G90
제네시스,EQ900
제네시스,GV60
기아,카니발
기아,쏘렌토
기아,K5
기아,K7
기아,레이
기아,모닝
기아,스포티지
기아,K3
기아,셀토스
기아,K9
기아,K8
기아,모하비
기아,니로
기아,스팅어
기아,EV6
기아,쏘울
기아,카렌스
기아,프라이드
기아,스토닉
기아,포르테
기아,오피러스
기아,EV9
기아,EV3
기아,로체
기아,포텐샤
기아,엔터프라이즈
기아,엘란
기아,스펙트라
기아,봉고III 미니버스
기아,비스토
기아,크레도스
기아,파크타운
기아,레토나
기아,리갈
기아,세피아
기아,쎄라토
기아,아벨라
기아,옵티마
기아,카스타
기아,콩코드
기아,EV4
기아,X-TREK
기아,델타
기아,록스타
기아,리오
기아,베스타
기아,브리샤
기아,슈마
기아,씨드
기아,캐피탈
기아,타스만
기아,타우너
기아,토픽
기아,텔루라이드
기아,프레지오
기아,피아트132
쉐보레(GM대우),스파크
쉐보레(GM대우),트랙스
쉐보레(GM대우),말리부
쉐보레(GM대우),크루즈
쉐보레(GM대우),올란도
쉐보레(GM대우),트레일블레이저
쉐보레(GM대우),콜로라도
쉐보레(GM대우),캡티바
쉐보레(GM대우),다마스
쉐보레(GM대우),알페온
쉐보레(GM대우),마티즈
쉐보레(GM대우),아베오
쉐보레(GM대우),임팔라
쉐보레(GM대우),트래버스
쉐보레(GM대우),카마로
쉐보레(GM대우),라보
쉐보레(GM대우),이쿼녹스
쉐보레(GM대우),라세티
쉐보레(GM대우),볼트 EV
쉐보레(GM대우),볼트 EUV
쉐보레(GM대우),윈스톰
쉐보레(GM대우),토스카
쉐보레(GM대우),G2X
쉐보레(GM대우),아카디아
쉐보레(GM대우),젠트라
쉐보레(GM대우),타호
쉐보레(GM대우),베리타스
쉐보레(GM대우),에스페로
쉐보레(GM대우),티코
쉐보레(GM대우),볼트(Volt)
쉐보레(GM대우),프린스
쉐보레(GM대우),매그너스
쉐보레(GM대우),르망
쉐보레(GM대우),스테이츠맨
쉐보레(GM대우),콜벳
쉐보레(GM대우),넥시아
쉐보레(GM대우),누비라
쉐보레(GM대우),라노스
쉐보레(GM대우),레간자
쉐보레(GM대우),레조
쉐보레(GM대우),로얄살롱
쉐보레(GM대우),맵시
쉐보레(GM대우),브로엄
쉐보레(GM대우),슈퍼살롱
쉐보레(GM대우),씨에로
쉐보레(GM대우),임페리얼
쉐보레(GM대우),칼로스
르노코리아(삼성),QM6
르노코리아(삼성),SM6
르노코리아(삼성),SM5
르노코리아(삼성),SM3
르노코리아(삼성),XM3
르노코리아(삼성),SM7
르노코리아(삼성),QM3
르노코리아(삼성),QM5
르노코리아(삼성),마스터
르노코리아(삼성),그랑 콜레오스
르노코리아(삼성),클리오
르노코리아(삼성),아르카나
르노코리아(삼성),캡처
르노코리아(삼성),트위지
르노코리아(삼성),조에
KG모빌리티(쌍용),렉스턴
KG모빌리티(쌍용),티볼리
KG모빌리티(쌍용),코란도
KG모빌리티(쌍용),토레스
KG모빌리티(쌍용),체어맨
KG모빌리티(쌍용),액티언
KG모빌리티(쌍용),카이런
KG모빌리티(쌍용),로디우스
KG모빌리티(쌍용),무쏘
KG모빌리티(쌍용),이스타나
KG모빌리티(쌍용),뉴훼미리
KG모빌리티(쌍용),칼리스타
기타 제조사,기타 승용차
기타 제조사,어울림모터스
BMW,5시리즈
BMW,3시리즈
BMW,X5
BMW,7시리즈
BMW,그란투리스모 (GT)
BMW,X6
BMW,X3
BMW,X7
BMW,X4
BMW,4시리즈
BMW,1시리즈
BMW,X1
BMW,2시리즈
BMW,Z4
BMW,8시리즈
BMW,M4
BMW,6시리즈
BMW,M3
BMW,M5
BMW,i4
BMW,M2
BMW,X6M
BMW,i5
BMW,X2
BMW,XM
BMW,iX
BMW,i7
BMW,iX3
BMW,i8
BMW,X5M
BMW,X4M
BMW,M6
BMW,i3
BMW,iX1
BMW,M8
BMW,X3M
BMW,Z3
BMW,1M
BMW,Z8
BMW,M 쿠페/로드스터
BMW,iX2
BMW,기타
GMC,시에라
GMC,사바나
GMC,캐니언
GMC,밴츄라
GMC,유콘
GMC,허머EV
GMC,사파리
GMC,소노마
GMC,지미
GMC,터레인
GMC,기타
닛산,알티마
닛산,큐브
닛산,쥬크
닛산,리프
닛산,맥시마
닛산,무라노
닛산,캐시카이
닛산,엑스트레일
닛산,370Z
닛산,패스파인더
닛산,스카이라인
닛산,로그
닛산,GT-R
닛산,마치
닛산,프론티어
닛산,350Z
닛산,엘그란드
닛산,퀘스트
닛산,휘가로
닛산,300ZX
닛산,노트
닛산,로렐
닛산,모코
닛산,버사
닛산,베르사
닛산,블루버드 실피
닛산,블루버드
닛산,세드릭
닛산,세레나
닛산,세피로
닛산,센트라
닛산,시마
닛산,실비아
닛산,알마다
닛산,엑스테라
닛산,윙로드
닛산,타이탄
닛산,티아나
닛산,파오
닛산,펄사
닛산,푸가
닛산,프레리
닛산,프레지던트
닛산,180SX
닛산,200SX
닛산,240SX
닛산,280ZX
닛산,NV
닛산,기타
닛산,라페스타
다이하쯔,코펜
다이하쯔,미라
다이하쯔,마테리아
다이하쯔,무브
다이하쯔,미라지노
다이하쯔,분
다이하쯔,에쎄
다이하쯔,웨이크
다이하쯔,캐스트
다이하쯔,탄토
다이하쯔,테리오스
닷지,램픽업
닷지,챌린저
닷지,다코타
닷지,차저
닷지,캘리버
닷지,듀랑고
닷지,니트로
닷지,램밴
닷지,인트레피드
닷지,기타
닷지,매그넘
닷지,바이퍼
닷지,밴
닷지,어벤저
닷지,캐러밴
닷지,그랜드 캐러밴
도요타,캠리
도요타,프리우스
도요타,RAV4
도요타,시에나
도요타,알파드
도요타,86
도요타,크라운
도요타,아발론
도요타,FJ 크루져
도요타,하이랜더
도요타,툰드라
도요타,bB
도요타,타코마
도요타,수프라
도요타,아이고
도요타,MR-S
도요타,에스티마
도요타,코롤라
도요타,랜드크루저
도요타,셀리카
도요타,소아라
도요타,솔라라
도요타,야리스(비츠)
도요타,체이서
도요타,프리비아
도요타,4Runner
도요타,C-HR
도요타,MR-2
도요타,WiLL
도요타,iQ
도요타,가이아
도요타,노아
도요타,라움
도요타,락티스
도요타,마크2
도요타,마크X
도요타,매트릭스
도요타,복시
도요타,베르소
도요타,벤자
도요타,벨파이어
도요타,비스타
도요타,사이
도요타,세라
도요타,세콰이어
도요타,셀시오
도요타,시엔타
도요타,알테자
도요타,액스트라캡
도요타,에스콰이어
도요타,위시
도요타,이스트
도요타,입섬
도요타,카미
도요타,카리나
도요타,코로나
도요타,코르사
도요타,파쏘
도요타,펀 카고
도요타,포르테
도요타,프레미오
도요타,픽업
도요타,하이럭스 써프
도요타,하이에이스
도요타,해리어
도요타,기타
동풍소콘,C35
동풍소콘,펜콘 ix5
동풍소콘,C31
동풍소콘,C32
동풍소콘,SX6
람보르기니,우라칸
람보르기니,우루스
람보르기니,아벤타도르
람보르기니,가야르도
람보르기니,디아블로
람보르기니,레부엘토
람보르기니,레벤톤
람보르기니,무르시엘라고
람보르기니,잘파
람보르기니,기타
랜드로버,디스커버리 스포츠
랜드로버,레인지로버
랜드로버,레인지로버 이보크
랜드로버,디스커버리
랜드로버,레인지로버 스포츠
랜드로버,레인지로버 벨라
랜드로버,디펜더
랜드로버,프리랜더
랜드로버,기타
렉서스,ES
렉서스,NX
렉서스,RX
렉서스,LS
렉서스,UX
렉서스,IS
렉서스,CT200h
렉서스,GS
렉서스,LM
렉서스,RC
렉서스,RZ
렉서스,LC
렉서스,SC
렉서스,LX
렉서스,GX
렉서스,기타
MG로버,MG
MG로버,75
로터스,에미라
로터스,에보라
로터스,엑시지
로터스,엘리스
로터스,2-Eleven
로터스,에메야
로터스,에스프리
로터스,엘레트라
로터스,유로파
로터스,기타
롤스로이스,고스트
롤스로이스,컬리넌
롤스로이스,레이스
롤스로이스,팬텀
롤스로이스,던
롤스로이스,스펙터
롤스로이스,실버스퍼
롤스로이스,코니쉬
르노,기타
르노,라구나
르노,메간
르노,알핀
르노,클리오
링컨,MKZ
링컨,에비에이터
링컨,MKC
링컨,노틸러스
링컨,코세어
링컨,컨티넨탈
링컨,네비게이터
링컨,MKX
링컨,MKS
링컨,타운카
링컨,LS
링컨,MKT
마세라티,기블리
마세라티,르반떼
마세라티,콰트로포르테
마세라티,그란투리스모
마세라티,그레칼레
마세라티,그란카브리오
마세라티,MC20
마세라티,쿠페
마세라티,스파이더
마세라티,그란스포츠
마세라티,3200
마세라티,MC12
마세라티,기타
마이바흐,62
마이바흐,57
마이바흐,62s
마이바흐,57s
마이바흐,62 제플린
마이바흐,57 제플린
마이바흐,62s 렌들렛
마쯔다,MX-5 MIATA
마쯔다,RX-8
마쯔다,마쯔다 3
마쯔다,유노스
마쯔다,626
마쯔다,AZ-1
마쯔다,CX-3
마쯔다,CX-5
마쯔다,CX-7
마쯔다,CX-9
마쯔다,MPV
마쯔다,MX-3
마쯔다,MX-6
마쯔다,RX-7
마쯔다,데미오
마쯔다,마쯔다 5
마쯔다,마쯔다 6
마쯔다,비안테
마쯔다,밀레니아
마쯔다,프로티지
마쯔다,플레어 크로스오버
마쯔다,기타
맥라렌,720S
맥라렌,570S
맥라렌,650S
맥라렌,600LT
맥라렌,아투라
맥라렌,750S
맥라렌,GT
맥라렌,765LT
맥라렌,570GT
맥라렌,675LT
맥라렌,MP4-12C
맥라렌,세나
맥라렌,540C
머큐리,세이블
머큐리,그랜드 마퀴스
머큐리,미스틱
머큐리,빌리저
머큐리,쿠거
미니,쿠퍼
미니,컨트리맨
미니,클럽맨
미니,쿠퍼 컨버터블
미니,쿠페
미니,로드스터
미니,페이스맨
미니,로버 미니
미쯔비시,랜서 에볼루션
미쯔비시,이클립스
미쯔비시,3000GT
미쯔비시,FTO
미쯔비시,GTO
미쯔비시,RVR
미쯔비시,갤랑
미쯔비시,랜서
미쯔비시,몬테로
미쯔비시,아웃랜더
미쯔비시,아이
미쯔비시,파제로
미쯔비시,기타
미쯔오까,가류
미쯔오까,라세드
미쯔오까,누에라
미쯔오까,레인보우
미쯔오까,뷰트
미쯔오까,오로치
미쯔오까,히미코
벤츠,E-클래스
벤츠,S-클래스
벤츠,C-클래스
벤츠,GLC-클래스
벤츠,CLS-클래스
벤츠,GLE-클래스
벤츠,A-클래스
벤츠,G-클래스
벤츠,CLA-클래스
벤츠,GLA-클래스
벤츠,AMG GT
벤츠,GLS-클래스
벤츠,GLB-클래스
벤츠,CLE-클래스
벤츠,B-클래스
벤츠,EQS
벤츠,EQE
벤츠,스프린터
벤츠,SL-클래스
벤츠,SLK-클래스
벤츠,GLK-클래스
벤츠,M-클래스
벤츠,EQA
벤츠,EQB
벤츠,V-클래스
벤츠,SLC-클래스
벤츠,CL-클래스
벤츠,SEL/SEC
벤츠,GL-클래스
벤츠,EQC
벤츠,CLK-클래스
벤츠,SLS AMG
벤츠,R-클래스
벤츠,190-클래스
벤츠,기타
벤츠,SLR
벤틀리,컨티넨탈
벤틀리,플라잉스퍼
벤틀리,벤테이가
벤틀리,뮬산
벤틀리,브룩랜즈
벤틀리,아르나지
벤틀리,아주르
벤틀리,에이트
볼보,XC60
볼보,S90
볼보,XC90
볼보,S60
볼보,XC40
볼보,V60
볼보,V40
볼보,V90
볼보,S80
볼보,C40
볼보,XC70
볼보,C30
볼보,S40
볼보,V50
볼보,850
볼보,940
볼보,S70
볼보,740
볼보,960
볼보,C70
볼보,EX30
볼보,V70
볼보,760
볼보,기타
부가티,베이론 16.4
부가티,EB110
북기은상,CK 미니밴
북기은상,켄보 600
북기은상,CK 미니트럭
뷰익,르사블
뷰익,리갈
뷰익,센츄리
뷰익,리비에라
뷰익,테라자
뷰익,파크애비뉴
사브,9-3
사브,9000
사브,900
사브,9-5
사브,기타
사이언,tC
사이언,xA
사이언,xB
사이언,xD
새턴,S시리즈
새턴,뷰
새턴,스카이
새턴,아스트라
쉐보레,익스프레스밴
쉐보레,콜벳
쉐보레,서버밴
쉐보레,실버라도
쉐보레,아스트로밴
쉐보레,카마로
쉐보레,체비밴
쉐보레,블레이저
쉐보레,기타
쉐보레,S-10
쉐보레,아발란치
쉐보레,콜로라도
쉐보레,타호
쉐보레,트랙커
쉐보레,HHR
쉐보레,SSR
쉐보레,루미나
쉐보레,벤처
쉐보레,볼트(Volt)
쉐보레,에퀴녹스
쉐보레,트럭밴
쉐보레,픽업트럭
스마트,포투
스마트,포포
스마트,로드스터
스바루,임프레자
스바루,레거시
스바루,아웃백
스바루,포레스터
스바루,BRZ
스바루,R1
스바루,SVX
스즈키,짐니
스즈키,허슬러
스즈키,알토라팡
스즈키,알토
스즈키,웨건 R
스즈키,X-90
스즈키,그랜드 비타라
스즈키,기타
스즈키,사이드킥
스즈키,스위프트
스즈키,스페이시아
스즈키,이그니스
스즈키,카푸치노
스즈키,트윈
시트로엥/DS,C4 피카소
시트로엥/DS,DS3
시트로엥/DS,C4 칵투스
시트로엥/DS,C4 스페이스투어러
시트로엥/DS,DS7
시트로엥/DS,C3 에어크로스
시트로엥/DS,C5 에어크로스
시트로엥/DS,DS4
시트로엥/DS,DS5
시트로엥/DS,C2
시트로엥/DS,C3
시트로엥/DS,C5
시트로엥/DS,C6
시트로엥/DS,XM
시트로엥/DS,잔티아
시트로엥/DS,기타
아우디,A6
아우디,A7
아우디,A4
아우디,A5
아우디,Q5
아우디,Q7
아우디,A8
아우디,Q3
아우디,A3
아우디,Q8
아우디,e-트론
아우디,R8
아우디,Q4 e-트론
아우디,SQ5
아우디,Q2
아우디,TT
아우디,RS5
아우디,RS7
아우디,RSQ8
아우디,S8
아우디,S7
아우디,TTS
아우디,A1
아우디,RS3
아우디,S6
아우디,S4
아우디,Q8 e-트론
아우디,S3
아우디,e-트론 GT
아우디,RS e-트론 GT
아우디,SQ8
아우디,RS6
아우디,S5
아우디,올로드 콰트로
아우디,100
아우디,80
아우디,90
아우디,RS4
아우디,SQ7
아우디,TTRS
아우디,V8
아우디,Q6 e-트론
아우디,SQ6 e-트론
아우디,SQ8 e-트론
아우디,기타
알파 로메오,4C
알파 로메오,브레라
알파 로메오,147
알파 로메오,156
알파 로메오,159
알파 로메오,166
알파 로메오,미토
알파 로메오,스파이더
알파 로메오,줄리아
알파 로메오,줄리에타
애스턴마틴,밴티지
애스턴마틴,DB11
애스턴마틴,DBX
애스턴마틴,라피드
애스턴마틴,뱅퀴시
애스턴마틴,DBS
애스턴마틴,DB9
애스턴마틴,DB7
애스턴마틴,비라지
어큐라,TL
어큐라,CL
어큐라,ILX
어큐라,MDX
어큐라,NSX
어큐라,RDX
어큐라,RL
어큐라,RSX
어큐라,TLX
어큐라,TSX
어큐라,기타
오펠,벡트라
오펠,비타
오펠,스피드스터
오펠,아스트라
오펠,코르사
오펠,티그라
올즈모빌,실루엣
올즈모빌,오로라
올즈모빌,커트라스
올즈모빌,알레로
올즈모빌,브라바다
이네오스,그레나디어
이스즈,로데오
이스즈,비크로스
이스즈,트루퍼
이스즈,기타
인피니티,Q50
인피니티,QX60
인피니티,G
인피니티,Q30
인피니티,QX50
인피니티,M
인피니티,FX
인피니티,Q70
인피니티,QX70
인피니티,Q60
인피니티,QX30
인피니티,QX80
인피니티,EX
인피니티,JX
인피니티,QX
인피니티,I
인피니티,Q
인피니티,J30
재규어,XF
재규어,F-PACE
재규어,XJ
재규어,XE
재규어,F-TYPE
재규어,E-PACE
재규어,X-TYPE
재규어,XJ-6
재규어,S-TYPE
재규어,XJ-8
재규어,XKR
재규어,다임러
재규어,I-PACE
재규어,XJ-C
재규어,XK8
재규어,소버린
재규어,기타
재규어,XJR
재규어,XJS
재규어,XK
지프,랭글러
지프,체로키
지프,레니게이드
지프,글래디에이터
지프,컴패스
지프,커맨더
지프,어벤저
지프,CJ
지프,패트리어트
캐딜락,에스컬레이드
캐딜락,CT6
캐딜락,CTS
캐딜락,XT5
캐딜락,ATS
캐딜락,CT5
캐딜락,XT4
캐딜락,XT6
캐딜락,SRX
캐딜락,CTS-V
캐딜락,CT5-V
캐딜락,CT4
캐딜락,스빌
캐딜락,컨코어
캐딜락,DTS
캐딜락,STS
캐딜락,리릭
캐딜락,ATS-V
캐딜락,BLS
캐딜락,CT6-V
캐딜락,XLR
캐딜락,XTS
캐딜락,드빌
캐딜락,엘도라도
캐딜락,플리트우드
캐딜락,기타
코닉세그,CC
코닉세그,아제라
크라이슬러,300C
크라이슬러,200
크라이슬러,그랜드 보이저
크라이슬러,크로스파이어
크라이슬러,PT 크루저
크라이슬러,세브링
크라이슬러,퍼시피카
크라이슬러,프라울러
크라이슬러,300M
크라이슬러,LHS
크라이슬러,네온
크라이슬러,뉴요커
크라이슬러,레바론
크라이슬러,보이저
크라이슬러,비전
크라이슬러,스트라투스
크라이슬러,시러스
크라이슬러,이글 탈론
크라이슬러,인트리피드
크라이슬러,캐러밴
크라이슬러,콩코드
크라이슬러,타운 앤 컨트리
크라이슬러,플리머스 레이저
크라이슬러,기타
테슬라,모델 3
테슬라,모델 Y
테슬라,모델 X
테슬라,모델 S
테슬라,사이버트럭
파가니,존다
파가니,후에이라
페라리,488
페라리,포르토피노
페라리,296
페라리,458
페라리,812
페라리,F8
페라리,로마
페라리,SF90
페라리,캘리포니아
페라리,599
페라리,F12 베를리네타
페라리,GTC4 루쏘
페라리,612
페라리,F430
페라리,FF
페라리,360
페라리,F355
페라리,308
페라리,328
페라리,575M
페라리,푸로산게
페라리,348
페라리,456
페라리,512 TR
페라리,550
페라리,F40
페라리,F50
페라리,라페라리
페라리,엔초페라리
포드,익스플로러
포드,머스탱
포드,F150
포드,레인저
포드,몬데오
포드,브롱코
포드,익스페디션
포드,토러스
포드,쿠가
포드,이스케이프
포드,트랜짓
포드,포커스
포드,퓨전
포드,F350
포드,E-Series
포드,F250
포드,프리스타일
포드,익스플로러 스포츠트랙
포드,파이브 헌드레드
포드,GT
포드,S-MAX
포드,썬더버드
포드,윈드스타
포드,이코노라인
포드,에코스포츠
포드,컨투어
포드,프로브
포드,피에스타
포드,기타
포드,플렉스
포르쉐,카이엔
포르쉐,파나메라
포르쉐,718
포르쉐,911
포르쉐,마칸
포르쉐,타이칸
포르쉐,박스터
포르쉐,카이맨
포르쉐,928
포르쉐,944
포르쉐,968
포르쉐,카레라 GT
포르쉐,기타
포톤,툰랜드
폭스바겐,티구안
폭스바겐,골프
폭스바겐,아테온
폭스바겐,파사트
폭스바겐,제타
폭스바겐,투아렉
폭스바겐,비틀
폭스바겐,CC
폭스바겐,티록
폭스바겐,ID.4
폭스바겐,시로코
폭스바겐,폴로
폭스바겐,페이톤
폭스바겐,EOS
폭스바겐,ID.5
폭스바겐,보라
폭스바겐,아틀라스
폭스바겐,리알타
폭스바겐,마이크로버스
폭스바겐,벤토
폭스바겐,사란
폭스바겐,코라도
폭스바겐,트랜스포터
폭스바겐,기타
폰티악,그랑프리
폰티악,그랜드 앰
폰티악,트랜스 앰
폰티악,트랜스포트
폰티악,토렌트
폰티악,보네빌
폰티악,선파이어
폰티악,솔스티스
폰티악,파이어버드
폰티악,피에로
폰티악,G8
폴스타,폴스타 2
폴스타,폴스타 4
푸조,3008
푸조,2008
푸조,5008
푸조,508
푸조,308
푸조,208
푸조,207
푸조,408
푸조,206
푸조,RCZ
푸조,307
푸조,407
푸조,익스퍼트
푸조,306
푸조,607
푸조,107
푸조,1007
푸조,205
푸조,405
푸조,406
푸조,605
푸조,806
푸조,807
푸조,기타
피아트,500
피아트,500X
피아트,프리몬트
피아트,124
피아트,500L
피아트,두카토
피아트,란치아
피아트,멀티피아
피아트,바르게타
피아트,쿠페
피아트,크로마
피아트,판다
피아트,푼토
피아트,기타
험머,H2
험머,H3
험머,H1
혼다,어코드
혼다,CR-V
혼다,파일럿
혼다,오딧세이
혼다,시빅
혼다,레전드
혼다,S660
혼다,HR-V
혼다,S2000
혼다,CR-Z
혼다,엘리멘트
혼다,인사이트
혼다,크로스투어
혼다,N-BOX
혼다,N-ONE
혼다,Fit Aria
혼다,Fit
혼다,댓츠
혼다,델솔
혼다,라이프
혼다,리지라인
혼다,비트
혼다,스텝웨건
혼다,스트림
혼다,인스파이어
혼다,인테그라
혼다,크로스로드
혼다,패스포트
혼다,프렐류드
혼다,기타
BYD,E6
BYD,아토 3
기타 수입차,기타
