no,mno,title
1,1,현대 그랜저
1,2,현대 그랜저 하이브리드
1,3,현대 더 뉴 그랜저 IG
1,4,현대 더 뉴 그랜저 IG 하이브리드
1,5,현대 그랜저 IG 하이브리드
1,6,현대 그랜저 IG
1,7,현대 그랜저 HG 하이브리드
1,8,현대 그랜저 HG
1,9,현대 더 럭셔리 그랜저
1,10,현대 그랜저 뉴 럭셔리
1,11,현대 그랜저 TG
1,12,현대 뉴 그랜저 XG
1,13,현대 그랜저 XG
1,14,현대 뉴 그랜저
1,15,현대 더 뉴 아반떼
1,16,현대 더 뉴 아반떼 하이브리드
1,17,현대 아반떼 하이브리드
1,18,현대 아반떼
1,19,현대 더 뉴 아반떼 AD
1,20,현대 아반떼 AD
1,21,현대 아반떼 쿠페
1,22,현대 아반떼 MD
1,23,현대 아반떼 HD
1,24,현대 뉴 아반떼 XD
1,25,현대 아반떼 XD
1,26,현대 올 뉴 아반떼
1,27,현대 싼타페
1,28,현대 더 뉴 싼타페
1,29,현대 싼타페 TM
1,30,현대 싼타페 더 프라임
1,31,현대 싼타페 DM
1,32,현대 싼타페 CM
1,33,현대 쏘나타 디 엣지
1,34,현대 쏘나타 디 엣지 하이브리드
1,35,현대 쏘나타 하이브리드
1,36,현대 쏘나타
1,37,현대 쏘나타 뉴 라이즈 하이브리드
1,38,현대 쏘나타 뉴 라이즈
1,39,현대 LF 쏘나타 하이브리드
1,40,현대 LF 쏘나타
1,41,현대 쏘나타 더 브릴리언트
1,42,현대 YF 쏘나타
1,43,현대 NF 쏘나타 트랜스폼
1,44,현대 NF 쏘나타
1,45,현대 뉴 EF 쏘나타
1,46,현대 EF 쏘나타
1,47,현대 쏘나타 III
1,48,현대 쏘나타 II
1,49,현대 더 뉴 투싼
1,50,현대 더 뉴 투싼 하이브리드
1,51,현대 투싼
1,52,현대 투싼 하이브리드
1,53,현대 올 뉴 투싼
1,54,현대 뉴 투싼 ix
1,55,현대 투싼 ix
1,56,현대 팰리세이드
1,57,현대 더 뉴 팰리세이드
1,58,현대 더 뉴 그랜드 스타렉스
1,59,현대 그랜드 스타렉스
1,60,현대 스타렉스 점보
1,61,현대 스타렉스
1,62,현대 스타리아
1,63,현대 제네시스 DH
1,64,현대 더 뉴 제네시스 쿠페
1,65,현대 제네시스 쿠페
1,66,현대 제네시스
1,67,현대 코나 일렉트릭
1,68,현대 코나
1,69,현대 코나 하이브리드
1,70,현대 더 뉴 코나
1,71,현대 더 뉴 코나 하이브리드
1,72,현대 더 뉴 캐스퍼
1,73,현대 캐스퍼 일렉트릭
1,74,현대 캐스퍼
1,75,현대 에쿠스
1,76,현대 더 뉴 아이오닉5
1,77,현대 아이오닉5
1,78,현대 엑센트
1,79,현대 뉴 엑센트
1,80,현대 베뉴
1,81,현대 벨로스터
1,82,현대 더 뉴 벨로스터
1,83,현대 넥쏘
1,84,현대 i30
1,85,현대 더 뉴 i30
1,86,현대 i30 cw
1,87,현대 더 뉴 아이오닉 일렉트릭
1,88,현대 더 뉴 아이오닉 하이브리드
1,89,현대 아이오닉 일렉트릭
1,90,현대 아이오닉 하이브리드
1,91,현대 더 뉴 i40
1,92,현대 더 뉴 i40 살룬
1,93,현대 i40 살룬
1,94,현대 i40
1,95,현대 더 뉴 맥스크루즈
1,96,현대 맥스크루즈
1,97,현대 아이오닉6
1,98,현대 쏠라티
1,99,현대 아슬란
1,100,현대 베라크루즈
1,101,현대 갤로퍼 2
1,102,현대 갤로퍼
1,103,현대 테라칸
1,104,현대 투스카니
1,105,현대 베르나 트랜스폼
1,106,현대 베르나
1,107,현대 New 베르나
1,108,현대 다이너스티
1,109,현대 티뷰론
1,110,현대 엑셀
1,111,현대 포니투
1,112,현대 포니
1,113,현대 ST1
1,114,현대 아토스
1,115,현대 뉴엘란트라
1,116,현대 엘란트라
1,117,현대 마르샤
1,118,현대 산타모
1,119,현대 아이오닉9
1,120,현대 뉴 클릭
1,121,현대 클릭 하이브리드
1,122,현대 클릭
1,123,현대 트라제 XG
1,124,현대 스텔라
1,125,현대 그라나다
1,126,현대 뉴그레이스
1,127,현대 그레이스
1,128,현대 라비타
1,129,현대 블루온
1,130,현대 스쿠프
1,131,현대 코티나
1,132,현대 프레스토
2,133,제네시스 일렉트리파이드 G80
2,134,제네시스 G80
2,135,제네시스 GV80 쿠페
2,136,제네시스 GV80
2,137,제네시스 더 뉴 G70 슈팅브레이크
2,138,제네시스 더 뉴 G70
2,139,제네시스 G70
2,140,제네시스 일렉트리파이드 GV70
2,141,제네시스 GV70
2,142,제네시스 G90
2,143,제네시스 EQ900
2,144,제네시스 GV60
3,145,기아 더 뉴 카니발 4세대
3,146,기아 카니발 4세대
3,147,기아 더 뉴 카니발
3,148,기아 올 뉴 카니발
3,149,기아 카니발 R
3,150,기아 뉴카니발
3,151,기아 그랜드 카니발
3,152,기아 카니발 II
3,153,기아 카니발
3,154,기아 더 뉴 쏘렌토 4세대
3,155,기아 쏘렌토 4세대
3,156,기아 더 뉴 쏘렌토
3,157,기아 올 뉴 쏘렌토
3,158,기아 뉴 쏘렌토 R
3,159,기아 쏘렌토 R
3,160,기아 뉴쏘렌토
3,161,기아 쏘렌토
3,162,기아 더 뉴 K5 3세대
3,163,기아 더 뉴 K5 하이브리드 3세대
3,164,기아 K5 3세대
3,165,기아 K5 하이브리드 3세대
3,166,기아 더 뉴 K5 하이브리드 2세대
3,167,기아 더 뉴 K5 2세대
3,168,기아 K5 하이브리드 2세대
3,169,기아 K5 2세대
3,170,기아 더 뉴 K5
3,171,기아 K5 하이브리드
3,172,기아 K5
3,173,기아 K7 프리미어
3,174,기아 K7 프리미어 하이브리드
3,175,기아 올 뉴 K7 하이브리드
3,176,기아 올 뉴 K7
3,177,기아 K7 하이브리드
3,178,기아 더 뉴 K7
3,179,기아 더 프레스티지 K7
3,180,기아 K7
3,181,기아 더 뉴 기아 레이 EV
3,182,기아 더 뉴 기아 레이
3,183,기아 더 뉴 레이
3,184,기아 레이
3,185,기아 더 뉴 모닝
3,186,기아 모닝 어반
3,187,기아 올 뉴 모닝
3,188,기아 뉴모닝
3,189,기아 모닝
3,190,기아 더 뉴 스포티지 5세대
3,191,기아 더 뉴 스포티지 5세대 하이브리드
3,192,기아 스포티지 5세대
3,193,기아 스포티지 5세대 하이브리드
3,194,기아 스포티지 더 볼드
3,195,기아 스포티지 4세대
3,196,기아 더 뉴 스포티지 R
3,197,기아 스포티지 R
3,198,기아 New 스포티지
3,199,기아 스포티지
3,200,기아 더 뉴 K3 2세대
3,201,기아 올 뉴 K3
3,202,기아 더 뉴 K3 쿱
3,203,기아 더 뉴 K3 유로
3,204,기아 더 뉴 K3
3,205,기아 K3 유로
3,206,기아 K3 쿱
3,207,기아 K3
3,208,기아 더 뉴 셀토스
3,209,기아 셀토스
3,210,기아 더 뉴 K9 2세대
3,211,기아 더 K9
3,212,기아 더 뉴 K9
3,213,기아 K9
3,214,기아 더 뉴 K8
3,215,기아 더 뉴 K8 하이브리드
3,216,기아 K8
3,217,기아 K8 하이브리드
3,218,기아 모하비 더 마스터
3,219,기아 더 뉴 모하비
3,220,기아 모하비
3,221,기아 디 올 뉴 니로 EV
3,222,기아 니로 플러스
3,223,기아 디 올 뉴 니로
3,224,기아 더 뉴 니로
3,225,기아 니로 EV
3,226,기아 니로
3,227,기아 스팅어 마이스터
3,228,기아 스팅어
3,229,기아 더 뉴 EV6
3,230,기아 EV6
3,231,기아 쏘울 부스터 EV
3,232,기아 쏘울 부스터
3,233,기아 더 뉴 쏘울
3,234,기아 쏘울 EV
3,235,기아 올 뉴 쏘울
3,236,기아 쏘울
3,237,기아 더 뉴 카렌스
3,238,기아 올 뉴 카렌스
3,239,기아 뉴카렌스
3,240,기아 카렌스 II
3,241,기아 카렌스
3,242,기아 더 뉴 프라이드
3,243,기아 올 뉴 프라이드
3,244,기아 프라이드
3,245,기아 스토닉
3,246,기아 포르테 해치백
3,247,기아 포르테 쿱
3,248,기아 포르테
3,249,기아 오피러스 프리미엄
3,250,기아 뉴오피러스
3,251,기아 오피러스
3,252,기아 EV9
3,253,기아 EV3
3,254,기아 로체 이노베이션
3,255,기아 로체 어드밴스
3,256,기아 로체
3,257,기아 뉴포텐샤
3,258,기아 포텐샤
3,259,기아 엔터프라이즈
3,260,기아 엘란
3,261,기아 스펙트라
3,262,기아 봉고III 미니버스
3,263,기아 비스토
3,264,기아 크레도스 2
3,265,기아 크레도스
3,266,기아 파크타운
3,267,기아 레토나
3,268,기아 리갈
3,269,기아 세피아2
3,270,기아 세피아
3,271,기아 뉴쎄라토
3,272,기아 쎄라토
3,273,기아 아벨라
3,274,기아 옵티마
3,275,기아 카스타
3,276,기아 뉴콩코드
3,277,기아 콩코드
3,278,기아 EV4
3,279,기아 X-TREK
3,280,기아 델타
3,281,기아 록스타 R2
3,282,기아 록스타
3,283,기아 리오
3,284,기아 하이베스타
3,285,기아 베스타
3,286,기아 브리샤
3,287,기아 슈마
3,288,기아 씨드
3,289,기아 캐피탈
3,290,기아 타스만
3,291,기아 타우너
3,292,기아 토픽
3,293,기아 텔루라이드
3,294,기아 프레지오
3,295,기아 피아트132
4,296,쉐보레 더 뉴 스파크
4,297,쉐보레 더 넥스트 스파크
4,298,쉐보레 스파크 EV
4,299,쉐보레 스파크
4,300,쉐보레 트랙스 크로스오버
4,301,쉐보레 더 뉴 트랙스
4,302,쉐보레 트랙스
4,303,쉐보레 더 뉴 말리부
4,304,쉐보레 올 뉴 말리부
4,305,쉐보레 말리부
4,306,쉐보레 올 뉴 크루즈
4,307,쉐보레 어메이징 뉴 크루즈
4,308,쉐보레 어메이징 뉴 크루즈5
4,309,쉐보레 크루즈5
4,310,쉐보레 크루즈
4,311,쉐보레 올란도
4,312,쉐보레 더 뉴 트레일블레이저
4,313,쉐보레 트레일블레이저
4,314,쉐보레 올 뉴 콜로라도
4,315,쉐보레 리얼 뉴 콜로라도
4,316,쉐보레 콜로라도
4,317,쉐보레 캡티바
4,318,쉐보레 뉴 다마스
4,319,쉐보레 다마스 II
4,320,쉐보레 다마스
4,321,쉐보레 알페온
4,322,쉐보레 더 뉴 아베오 세단
4,323,쉐보레 더 뉴 아베오 해치백
4,324,쉐보레 아베오 세단
4,325,쉐보레 아베오 해치백
4,326,쉐보레 마티즈 크리에이티브
4,327,쉐보레 마티즈 클래식
4,328,쉐보레 All New 마티즈
4,329,쉐보레 마티즈 II
4,330,쉐보레 마티즈
4,331,쉐보레 임팔라
4,332,쉐보레 트래버스
4,333,쉐보레 더 뉴 카마로
4,334,쉐보레 올 뉴 카마로
4,335,쉐보레 카마로
4,336,쉐보레 뉴 라보
4,337,쉐보레 라보
4,338,쉐보레 더 넥스트 이쿼녹스
4,339,쉐보레 이쿼녹스
4,340,쉐보레 라세티 프리미어
4,341,쉐보레 라세티
4,342,쉐보레 뉴 볼트 EV
4,343,쉐보레 볼트 EV
4,344,쉐보레 볼트 EUV
4,345,쉐보레 윈스톰 맥스
4,346,쉐보레 윈스톰
4,347,쉐보레 토스카 프리미엄6
4,348,쉐보레 토스카
4,349,쉐보레 G2X
4,350,쉐보레 아카디아
4,351,쉐보레 젠트라 X
4,352,쉐보레 젠트라
4,353,쉐보레 타호
4,354,쉐보레 베리타스
4,355,쉐보레 에스페로
4,356,쉐보레 볼트
4,357,쉐보레 티코
4,358,쉐보레 뉴프린스
4,359,쉐보레 프린스
4,360,쉐보레 로얄 프린스
4,361,쉐보레 매그너스
4,362,쉐보레 르망
4,363,쉐보레 스테이츠맨
4,364,쉐보레 콜벳
4,365,쉐보레 넥시아
4,366,쉐보레 누비라 2
4,367,쉐보레 누비라
4,368,쉐보레 라노스 II
4,369,쉐보레 라노스
4,370,쉐보레 레간자
4,371,쉐보레 레조
4,372,쉐보레 로얄살롱
4,373,쉐보레 맵시
4,374,쉐보레 브로엄
4,375,쉐보레 슈퍼살롱
4,376,쉐보레 씨에로
4,377,쉐보레 임페리얼
4,378,쉐보레 칼로스
5,379,르노코리아 더 뉴 QM6
5,380,르노코리아 QM6
5,381,르노코리아 더 뉴 SM6
5,382,르노코리아 SM6
5,383,르노코리아 SM5 노바
5,384,르노코리아 뉴SM5 플래티넘
5,385,르노코리아 뉴SM5
5,386,르노코리아 SM5 뉴 임프레션
5,387,르노코리아 SM5
5,388,르노코리아 SM3 네오
5,389,르노코리아 SM3 Z.E.
5,390,르노코리아 뉴SM3
5,391,르노코리아 SM3 뉴 제너레이션
5,392,르노코리아 SM3
5,393,르노코리아 XM3
5,394,르노코리아 SM7 노바
5,395,르노코리아 All New SM7
5,396,르노코리아 SM7 New Art
5,397,르노코리아 SM7
5,398,르노코리아 뉴QM3
5,399,르노코리아 QM3
5,400,르노코리아 QM5 네오
5,401,르노코리아 뉴QM5
5,402,르노코리아 QM5
5,403,르노코리아 마스터
5,404,르노코리아 그랑 콜레오스
5,405,르노코리아 클리오
5,406,르노코리아 아르카나
5,407,르노코리아 캡처
5,408,르노코리아 트위지
5,409,르노코리아 조에
6,410,쌍용 렉스턴 뉴 아레나
6,411,쌍용 더 뉴 렉스턴 스포츠
6,412,쌍용 더 뉴 렉스턴 스포츠 칸
6,413,쌍용 올 뉴 렉스턴
6,414,쌍용 렉스턴 스포츠 칸
6,415,쌍용 렉스턴 스포츠
6,416,쌍용 G4 렉스턴
6,417,쌍용 렉스턴 W
6,418,쌍용 슈퍼 렉스턴
6,419,쌍용 렉스턴 II
6,420,쌍용 뉴렉스턴
6,421,쌍용 렉스턴
6,422,쌍용 더 뉴 티볼리
6,423,쌍용 더 뉴 티볼리 에어
6,424,쌍용 베리 뉴 티볼리
6,425,쌍용 티볼리 아머
6,426,쌍용 티볼리 에어
6,427,쌍용 티볼리
6,428,쌍용 코란도 EV
6,429,쌍용 뷰티풀 코란도
6,430,쌍용 뉴 스타일 코란도 C
6,431,쌍용 더 뉴 코란도 스포츠
6,432,쌍용 뉴코란도 C
6,433,쌍용 코란도 투리스모
6,434,쌍용 코란도 스포츠
6,435,쌍용 코란도 C
6,436,쌍용 뉴코란도
6,437,쌍용 코란도 훼미리
6,438,쌍용 코란도 지프
6,439,쌍용 더 뉴 토레스
6,440,쌍용 토레스 EVX
6,441,쌍용 토레스
6,442,쌍용 뉴체어맨 W
6,443,쌍용 체어맨 H 뉴 클래식
6,444,쌍용 체어맨 W
6,445,쌍용 체어맨 H
6,446,쌍용 뉴체어맨
6,447,쌍용 체어맨
6,448,쌍용 액티언 2세대
6,449,쌍용 액티언 스포츠
6,450,쌍용 액티언
6,451,쌍용 뉴카이런
6,452,쌍용 카이런
6,453,쌍용 로디우스 유로
6,454,쌍용 뉴로디우스
6,455,쌍용 로디우스
6,456,쌍용 무쏘 스포츠
6,457,쌍용 뉴무쏘
6,458,쌍용 뉴무쏘 밴
6,459,쌍용 무쏘
6,460,쌍용 이스타나
6,461,쌍용 뉴훼미리
6,462,쌍용 칼리스타
7,463,BMW 5시리즈
7,464,BMW 3시리즈
7,465,BMW X5
7,466,BMW 7시리즈
7,467,BMW 6시리즈 GT
7,468,BMW 3시리즈 GT
7,469,BMW 5시리즈 GT
7,470,BMW X6
7,471,BMW X3
7,472,BMW X7
7,473,BMW X4
7,474,BMW 4시리즈
7,475,BMW 1시리즈
7,476,BMW X1
7,477,BMW 2시리즈 액티브 투어러
7,478,BMW 2시리즈
7,479,BMW 2시리즈 그란쿠페
7,480,BMW Z4
7,481,BMW 8시리즈
7,482,BMW M4
7,483,BMW 6시리즈
7,484,BMW M3
7,485,BMW M5
7,486,BMW i4
7,487,BMW M2
7,488,BMW X6M
7,489,BMW i5
7,490,BMW X2
7,491,BMW XM
7,492,BMW iX
7,493,BMW i7
7,494,BMW i8
7,495,BMW iX3
7,496,BMW X5M
7,497,BMW X4M
7,498,BMW i3
7,499,BMW M6
7,500,BMW iX1
7,501,BMW M8
7,502,BMW X3M
7,503,BMW Z3
7,504,BMW iX2
8,505,GMC 시에라
8,506,GMC 사바나
8,507,GMC 캐니언
8,508,GMC 밴츄라
8,509,GMC 유콘
8,510,GMC 허머EV
8,511,GMC 사파리
8,512,GMC 소노마
8,513,GMC 지미
8,514,GMC 터레인
8,515,GMC 기타
9,516,닛산 알티마
9,517,닛산 큐브
9,518,닛산 쥬크
9,519,닛산 리프
9,520,닛산 맥시마
9,521,닛산 무라노
9,522,닛산 캐시카이 2세대
9,523,닛산 엑스트레일
9,524,닛산 370Z
9,525,닛산 패스파인더
9,526,닛산 스카이라인
9,527,닛산 로그
9,528,닛산 GT-R
9,529,닛산 마치
9,530,닛산 프론티어
9,531,닛산 350Z
9,532,닛산 엘그란드
9,533,닛산 퀘스트
9,534,닛산 휘가로
9,535,닛산 300ZX
9,536,닛산 노트
9,537,닛산 로렐
9,538,닛산 모코
9,539,닛산 버사
9,540,닛산 베르사
9,541,닛산 블루버드 실피
9,542,닛산 블루버드
9,543,닛산 세드릭
9,544,닛산 세레나
9,545,닛산 세피로
9,546,닛산 센트라
9,547,닛산 시마
9,548,닛산 실비아
9,549,닛산 알마다
9,550,닛산 엑스테라
9,551,닛산 윙로드
9,552,닛산 타이탄
9,553,닛산 티아나
9,554,닛산 파오
9,555,닛산 펄사
9,556,닛산 푸가
9,557,닛산 프레리
9,558,닛산 프레지던트
9,559,닛산 180SX
9,560,닛산 200SX
9,561,닛산 240SX
9,562,닛산 280ZX
9,563,닛산 NV
9,564,닛산 라페스타
10,565,다이하쯔 코펜
10,566,다이하쯔 미라 코코아
10,567,다이하쯔 미라
10,568,다이하쯔 마테리아
10,569,다이하쯔 무브
10,570,다이하쯔 미라지노
10,571,다이하쯔 분
10,572,다이하쯔 에쎄
10,573,다이하쯔 웨이크
10,574,다이하쯔 캐스트
10,575,다이하쯔 탄토
10,576,다이하쯔 테리오스
11,577,닷지 램픽업
11,578,닷지 챌린저
11,579,닷지 다코타
11,580,닷지 차저
11,581,닷지 캘리버
11,582,닷지 듀랑고
11,583,닷지 니트로
11,584,닷지 램밴
11,585,닷지 인트레피드
11,586,닷지 기타
11,587,닷지 매그넘
11,588,닷지 바이퍼
11,589,닷지 밴
11,590,닷지 어벤저
11,591,닷지 캐러밴
11,592,닷지 그랜드 캐러밴
12,593,도요타 캠리
12,594,도요타 뉴 캠리
12,595,도요타 프리우스 5세대
12,596,도요타 프리우스 C
12,597,도요타 프리우스 프라임
12,598,도요타 프리우스 4세대
12,599,도요타 프리우스 V
12,600,도요타 프리우스
12,601,도요타 RAV4 5세대
12,602,도요타 RAV4
12,603,도요타 시에나 4세대
12,604,도요타 시에나
12,605,도요타 알파드 4세대
12,606,도요타 알파드
12,607,도요타 GR86
12,608,도요타 86
12,609,도요타 크라운 크로스오버
12,610,도요타 크라운 마제스타
12,611,도요타 크라운
12,612,도요타 아발론 5세대
12,613,도요타 아발론
12,614,도요타 FJ 크루져
12,615,도요타 하이랜더 4세대
12,616,도요타 하이랜더
12,617,도요타 툰드라
12,618,도요타 bB
12,619,도요타 타코마
12,620,도요타 수프라 5세대
12,621,도요타 수프라
12,622,도요타 아이고
12,623,도요타 MR-S
12,624,도요타 에스티마
12,625,도요타 코롤라
12,626,도요타 랜드크루저
12,627,도요타 셀리카
12,628,도요타 소아라
12,629,도요타 솔라라
12,630,도요타 야리스
12,631,도요타 체이서
12,632,도요타 프리비아
12,633,도요타 4Runner
12,634,도요타 C-HR
12,635,도요타 MR-2
12,636,도요타 WiLL
12,637,도요타 iQ
12,638,도요타 가이아
12,639,도요타 노아
12,640,도요타 라움
12,641,도요타 락티스
12,642,도요타 마크2
12,643,도요타 마크X
12,644,도요타 매트릭스
12,645,도요타 복시
12,646,도요타 베르소
12,647,도요타 벤자
12,648,도요타 벨파이어
12,649,도요타 비스타
12,650,도요타 사이
12,651,도요타 세라
12,652,도요타 세콰이어
12,653,도요타 셀시오
12,654,도요타 시엔타
12,655,도요타 알테자
12,656,도요타 액스트라캡
12,657,도요타 에스콰이어
12,658,도요타 위시
12,659,도요타 이스트
12,660,도요타 입섬
12,661,도요타 카미
12,662,도요타 카리나
12,663,도요타 코로나
12,664,도요타 코르사
12,665,도요타 파쏘
12,666,도요타 펀 카고
12,667,도요타 포르테
12,668,도요타 프레미오
12,669,도요타 픽업
12,670,도요타 하이럭스 써프
12,671,도요타 하이에이스
12,672,도요타 해리어
12,673,도요타 기타
13,674,동풍소콘 C35
13,675,동풍소콘 펜콘 ix5
13,676,동풍소콘 C31
13,677,동풍소콘 C32
13,678,동풍소콘 SX6
14,679,람보르기니 우라칸
14,680,람보르기니 우루스
14,681,람보르기니 아벤타도르
14,682,람보르기니 가야르도
14,683,람보르기니 디아블로
14,684,람보르기니 레부엘토
14,685,람보르기니 레벤톤
14,686,람보르기니 무르시엘라고
14,687,람보르기니 잘파
14,688,람보르기니 기타
15,689,랜드로버 디스커버리 스포츠 2세대
15,690,랜드로버 디스커버리 스포츠
15,691,랜드로버 레인지로버 5세대
15,692,랜드로버 레인지로버 4세대
15,693,랜드로버 레인지로버
15,694,랜드로버 레인지로버 이보크 2세대
15,695,랜드로버 레인지로버 이보크
15,696,랜드로버 디스커버리 5
15,697,랜드로버 디스커버리 4
15,698,랜드로버 디스커버리 3
15,699,랜드로버 디스커버리 2
15,700,랜드로버 디스커버리
15,701,랜드로버 레인지로버 스포츠 3세대
15,702,랜드로버 레인지로버 스포츠 2세대
15,703,랜드로버 레인지로버 스포츠
15,704,랜드로버 레인지로버 벨라
15,705,랜드로버 디펜더
15,706,랜드로버 프리랜더2
15,707,랜드로버 프리랜더
16,708,렉서스 ES300h 7세대
16,709,렉서스 뉴 ES350
16,710,렉서스 뉴 ES300h
16,711,렉서스 뉴 ES250
16,712,렉서스 ES350
16,713,렉서스 ES330
16,714,렉서스 ES300
16,715,렉서스 NX450h+ 2세대
16,716,렉서스 NX350h 2세대
16,717,렉서스 NX300
16,718,렉서스 NX200t
16,719,렉서스 NX300h
16,720,렉서스 RX350h 5세대
16,721,렉서스 RX450h+ 5세대
16,722,렉서스 RX500h 5세대
16,723,렉서스 RX450hL 4세대
16,724,렉서스 RX350 4세대
16,725,렉서스 RX450h 4세대
16,726,렉서스 RX450h
16,727,렉서스 RX400h
16,728,렉서스 RX330
16,729,렉서스 RX350
16,730,렉서스 RX300
16,731,렉서스 LS500 5세대
16,732,렉서스 LS500h 5세대
16,733,렉서스 LS600hL
16,734,렉서스 LS460L
16,735,렉서스 LS460
16,736,렉서스 LS430
16,737,렉서스 LS400
16,738,렉서스 UX300h
16,739,렉서스 UX300e
16,740,렉서스 UX250h
16,741,렉서스 뉴 IS300
16,742,렉서스 뉴 IS200t
16,743,렉서스 뉴 IS250
16,744,렉서스 IS F
16,745,렉서스 IS250
16,746,렉서스 IS350
16,747,렉서스 IS200
16,748,렉서스 IS300
16,749,렉서스 CT200h
16,750,렉서스 뉴 GS300
16,751,렉서스 뉴 GS200t
16,752,렉서스 뉴 GS F
16,753,렉서스 뉴 GS250
16,754,렉서스 뉴 GS350
16,755,렉서스 뉴 GS450h
16,756,렉서스 GS460
16,757,렉서스 GS350
16,758,렉서스 GS400
16,759,렉서스 GS430
16,760,렉서스 GS450h
16,761,렉서스 GS300
16,762,렉서스 LM 2세대
16,763,렉서스 RC300
16,764,렉서스 RC200t
16,765,렉서스 RC350
16,766,렉서스 RC F
16,767,렉서스 RZ450e
16,768,렉서스 SC430
16,769,렉서스 SC300
16,770,렉서스 LC
16,771,렉서스 LX
16,772,렉서스 GX460
16,773,렉서스 GX470
17,774,MG로버 MGTF
17,775,MG로버 MGF
17,776,MG로버 75
18,777,로터스 에미라
18,778,로터스 에보라
18,779,로터스 엑시지
18,780,로터스 엘리스
18,781,로터스 2-Eleven
18,782,로터스 에메야
18,783,로터스 에스프리
18,784,로터스 엘레트라
18,785,로터스 유로파
19,786,롤스로이스 고스트 2세대
19,787,롤스로이스 고스트
19,788,롤스로이스 컬리넌
19,789,롤스로이스 레이스
19,790,롤스로이스 팬텀
19,791,롤스로이스 던
19,792,롤스로이스 스펙터
19,793,롤스로이스 실버스퍼
19,794,롤스로이스 코니쉬
20,795,르노 라구나
20,796,르노 메간
20,797,르노 알핀
20,798,르노 클리오
21,799,링컨 뉴 MKZ
21,800,링컨 MKZ
21,801,링컨 에비에이터 2세대
21,802,링컨 에비에이터 1세대
21,803,링컨 MKC
21,804,링컨 노틸러스 2세대
21,805,링컨 노틸러스 1세대
21,806,링컨 코세어
21,807,링컨 컨티넨탈 10세대
21,808,링컨 컨티넨탈
21,809,링컨 네비게이터 4세대
21,810,링컨 네비게이터
21,811,링컨 MKX 2세대
21,812,링컨 뉴 MKX
21,813,링컨 MKX
21,814,링컨 뉴 MKS
21,815,링컨 MKS
21,816,링컨 타운카
21,817,링컨 LS
21,818,링컨 MKT
22,819,마세라티 기블리
22,820,마세라티 르반떼
22,821,마세라티 콰트로포르테
22,822,마세라티 그란투리스모 2세대
22,823,마세라티 그란투리스모
22,824,마세라티 그레칼레
22,825,마세라티 그란카브리오 2세대
22,826,마세라티 그란카브리오
22,827,마세라티 MC20
22,828,마세라티 쿠페
22,829,마세라티 스파이더
22,830,마세라티 그란스포츠
22,831,마세라티 3200
22,832,마세라티 MC12
22,833,마세라티 기타
23,834,마이바흐 62
23,835,마이바흐 57
23,836,마이바흐 62s
23,837,마이바흐 57s
23,838,마이바흐 62 제플린
23,839,마이바흐 57 제플린
23,840,마이바흐 62s 렌들렛
24,841,마쯔다 MX-5 MIATA
24,842,마쯔다 RX-8
24,843,마쯔다 마쯔다 3
24,844,마쯔다 유노스
24,845,마쯔다 626
24,846,마쯔다 AZ-1
24,847,마쯔다 CX-3
24,848,마쯔다 CX-5
24,849,마쯔다 CX-7
24,850,마쯔다 CX-9
24,851,마쯔다 MPV
24,852,마쯔다 MX-3
24,853,마쯔다 MX-6
24,854,마쯔다 RX-7
24,855,마쯔다 데미오
24,856,마쯔다 마쯔다 5
24,857,마쯔다 마쯔다 6
24,858,마쯔다 비안테
24,859,마쯔다 밀레니아
24,860,마쯔다 프로티지
24,861,마쯔다 플레어 크로스오버
25,862,맥라렌 720S
25,863,맥라렌 570S
25,864,맥라렌 650S
25,865,맥라렌 600LT
25,866,맥라렌 아투라
25,867,맥라렌 750S
25,868,맥라렌 GT
25,869,맥라렌 765LT
25,870,맥라렌 570GT
25,871,맥라렌 675LT
25,872,맥라렌 MP4-12C
25,873,맥라렌 세나
25,874,맥라렌 540C
26,875,머큐리 세이블
26,876,머큐리 그랜드 마퀴스
26,877,머큐리 미스틱
26,878,머큐리 빌리저
26,879,머큐리 쿠거
27,880,미니 쿠퍼 C 4세대
27,881,미니 쿠퍼 S 4세대
27,882,미니 쿠퍼 일렉트릭
27,883,미니 쿠퍼 SD
27,884,미니 쿠퍼 D
27,885,미니 쿠퍼
27,886,미니 쿠퍼 S
27,887,미니 쿠퍼 S 컨트리맨 3세대
27,888,미니 쿠퍼 D 컨트리맨
27,889,미니 쿠퍼 SD 컨트리맨
27,890,미니 쿠퍼 컨트리맨
27,891,미니 쿠퍼 S 컨트리맨
27,892,미니 쿠퍼 SD 클럽맨
27,893,미니 쿠퍼 D 클럽맨
27,894,미니 쿠퍼 클럽맨
27,895,미니 쿠퍼 S 클럽맨
27,896,미니 쿠퍼 컨버터블
27,897,미니 쿠퍼 S 컨버터블
27,898,미니 쿠퍼 SD 쿠페
27,899,미니 쿠퍼 쿠페
27,900,미니 쿠퍼 S 쿠페
27,901,미니 쿠퍼 로드스터
27,902,미니 쿠퍼 S 로드스터
27,903,미니 쿠퍼 D 페이스맨
27,904,미니 쿠퍼 SD 페이스맨
27,905,미니 로버 미니
28,906,미쯔비시 랜서 에볼루션
28,907,미쯔비시 이클립스
28,908,미쯔비시 3000GT
28,909,미쯔비시 FTO
28,910,미쯔비시 GTO
28,911,미쯔비시 RVR
28,912,미쯔비시 갤랑
28,913,미쯔비시 랜서
28,914,미쯔비시 몬테로
28,915,미쯔비시 아웃랜더
28,916,미쯔비시 아이
28,917,미쯔비시 파제로
29,918,미쯔오까 가류
29,919,미쯔오까 라세드
29,920,미쯔오까 누에라
29,921,미쯔오까 레인보우
29,922,미쯔오까 뷰트
29,923,미쯔오까 오로치
29,924,미쯔오까 히미코
30,925,벤츠 E-클래스 W214
30,926,벤츠 E-클래스 W213
30,927,벤츠 E-클래스 W212
30,928,벤츠 E-클래스 W211
30,929,벤츠 E-클래스 W210
30,930,벤츠 E-클래스 W124
30,931,벤츠 E-클래스 W123
30,932,벤츠 S-클래스 W223
30,933,벤츠 S-클래스 W222
30,934,벤츠 S-클래스 W221
30,935,벤츠 S-클래스
30,936,벤츠 C-클래스 W206
30,937,벤츠 C-클래스 W205
30,938,벤츠 C-클래스 W204
30,939,벤츠 C-클래스
30,940,벤츠 GLC-클래스 X254
30,941,벤츠 GLC-클래스 X253
30,942,벤츠 CLS-클래스 C257
30,943,벤츠 CLS-클래스 W218
30,944,벤츠 CLS-클래스 W219
30,945,벤츠 GLE-클래스 W167
30,946,벤츠 GLE-클래스 W166
30,947,벤츠 A-클래스 W177
30,948,벤츠 A-클래스 W176
30,949,벤츠 A-클래스 W169
30,950,벤츠 A-클래스 W168
30,951,벤츠 G-클래스 W465
30,952,벤츠 G-클래스 W463b
30,953,벤츠 G-클래스 W463
30,954,벤츠 CLA-클래스 C118
30,955,벤츠 CLA-클래스 C117
30,956,벤츠 GLA-클래스 H247
30,957,벤츠 GLA-클래스 X156
30,958,벤츠 AMG GT
30,959,벤츠 GLS-클래스 X167
30,960,벤츠 GLS-클래스 X166
30,961,벤츠 GLB-클래스 X247
30,962,벤츠 CLE-클래스 C236
30,963,벤츠 EQS SUV X296
30,964,벤츠 EQS V297
30,965,벤츠 B-클래스 W246
30,966,벤츠 B-클래스 W245
30,967,벤츠 EQE SUV X294
30,968,벤츠 EQE V295
30,969,벤츠 스프린터
30,970,벤츠 SL-클래스 R232
30,971,벤츠 뉴 SL-클래스
30,972,벤츠 SL-클래스
30,973,벤츠 뉴 SLK-클래스
30,974,벤츠 SLK-클래스
30,975,벤츠 GLK-클래스 X204
30,976,벤츠 M-클래스 W166
30,977,벤츠 M-클래스 W164
30,978,벤츠 M-클래스 W163
30,979,벤츠 EQA H243
30,980,벤츠 V-클래스
30,981,벤츠 EQB X243
30,982,벤츠 SLC-클래스 R172
30,983,벤츠 CL-클래스 C216
30,984,벤츠 CL-클래스 C215
30,985,벤츠 CL-클래스 C140
30,986,벤츠 EQC N293
30,987,벤츠 SEL/SEC
30,988,벤츠 GL-클래스 X166
30,989,벤츠 GL-클래스 X164
30,990,벤츠 CLK-클래스 C209
30,991,벤츠 CLK-클래스 C208
30,992,벤츠 SLS AMG
30,993,벤츠 R-클래스
30,994,벤츠 190-클래스
30,995,벤츠 SLR
31,996,벤틀리 컨티넨탈 GT 4세대
31,997,벤틀리 컨티넨탈 GT 3세대
31,998,벤틀리 컨티넨탈 GT 2세대
31,999,벤틀리 컨티넨탈 GT 1세대
31,1000,벤틀리 플라잉스퍼 4세대
31,1001,벤틀리 플라잉스퍼 3세대
31,1002,벤틀리 플라잉스퍼 2세대
31,1003,벤틀리 플라잉스퍼 1세대
31,1004,벤틀리 벤테이가
31,1005,벤틀리 뮬산
31,1006,벤틀리 브룩랜즈
31,1007,벤틀리 아르나지
31,1008,벤틀리 아주르
31,1009,벤틀리 에이트
32,1010,볼보 XC60 2세대
32,1011,볼보 XC60
32,1012,볼보 S90
32,1013,볼보 XC90 2세대
32,1014,볼보 XC90
32,1015,볼보 S60 3세대
32,1016,볼보 S60 크로스컨트리
32,1017,볼보 S60
32,1018,볼보 XC40 리차지
32,1019,볼보 XC40
32,1020,볼보 V60 크로스컨트리 2세대
32,1021,볼보 V60 크로스컨트리
32,1022,볼보 V60
32,1023,볼보 V40 크로스컨트리
32,1024,볼보 V40
32,1025,볼보 V90 크로스컨트리
32,1026,볼보 S80
32,1027,볼보 C40 리차지
32,1028,볼보 XC70
32,1029,볼보 C30
32,1030,볼보 S40
32,1031,볼보 V50
32,1032,볼보 850
32,1033,볼보 940
32,1034,볼보 C70
32,1035,볼보 S70
32,1036,볼보 740
32,1037,볼보 960
32,1038,볼보 EX30
32,1039,볼보 V70
32,1040,볼보 760
33,1041,부가티 베이론 16.4
33,1042,부가티 EB110
34,1043,북기은상 CK 미니밴
34,1044,북기은상 켄보 600
34,1045,북기은상 CK 미니트럭
35,1046,뷰익 르사블
35,1047,뷰익 리갈
35,1048,뷰익 센츄리
35,1049,뷰익 리비에라
35,1050,뷰익 테라자
35,1051,뷰익 파크애비뉴
36,1052,사브 9-3 2세대
36,1053,사브 9-3 1세대
36,1054,사브 9000
36,1055,사브 900
36,1056,사브 9-5 2세대
36,1057,사브 9-5 1세대
36,1058,사브 기타
37,1059,사이언 tC
37,1060,사이언 xA
37,1061,사이언 xB
37,1062,사이언 xD
38,1063,새턴 S시리즈
38,1064,새턴 뷰
38,1065,새턴 스카이
38,1066,새턴 아스트라
4,1067,쉐보레 익스프레스밴
4,1068,쉐보레 서버밴
4,1069,쉐보레 실버라도
4,1070,쉐보레 아스트로밴
4,1071,쉐보레 체비밴
4,1072,쉐보레 블레이저
4,1073,쉐보레 기타
4,1074,쉐보레 S-10
4,1075,쉐보레 아발란치
4,1076,쉐보레 트랙커
4,1077,쉐보레 HHR
4,1078,쉐보레 SSR
4,1079,쉐보레 루미나 미니밴
4,1080,쉐보레 루미나
4,1081,쉐보레 벤처
4,1082,쉐보레 에퀴녹스
4,1083,쉐보레 트럭밴
4,1084,쉐보레 픽업트럭
40,1085,스마트 포투 카브리오 3세대
40,1086,스마트 포투 쿠페 3세대
40,1087,스마트 포투 카브리오
40,1088,스마트 포투 쿠페
40,1089,스마트 포포 2세대
40,1090,스마트 포포
40,1091,스마트 로드스터
41,1092,스바루 임프레자
41,1093,스바루 아웃백
41,1094,스바루 포레스터
41,1095,스바루 레거시
41,1096,스바루 BRZ
41,1097,스바루 R1
41,1098,스바루 SVX
42,1099,스즈키 짐니
42,1100,스즈키 허슬러
42,1101,스즈키 알토라팡
42,1102,스즈키 알토웍스
42,1103,스즈키 알토
42,1104,스즈키 웨건 R 소리오
42,1105,스즈키 웨건 R
42,1106,스즈키 X-90
42,1107,스즈키 그랜드 비타라
42,1108,스즈키 기타
42,1109,스즈키 사이드킥
42,1110,스즈키 스위프트
42,1111,스즈키 스페이시아
42,1112,스즈키 이그니스
42,1113,스즈키 카푸치노
42,1114,스즈키 트윈
43,1115,시트로엥/DS 그랜드 C4 피카소
43,1116,시트로엥/DS C4 피카소
43,1117,시트로엥/DS DS3 크로스백
43,1118,시트로엥/DS DS3 카브리오
43,1119,시트로엥/DS DS3
43,1120,시트로엥/DS C4 칵투스
43,1121,시트로엥/DS 그랜드 C4 스페이스투어러
43,1122,시트로엥/DS DS7 크로스백
43,1123,시트로엥/DS C3 에어크로스
43,1124,시트로엥/DS C5 에어크로스
43,1125,시트로엥/DS DS4 2세대
43,1126,시트로엥/DS DS4 크로스백
43,1127,시트로엥/DS DS4
43,1128,시트로엥/DS DS5
43,1129,시트로엥/DS C2
43,1130,시트로엥/DS C3
43,1131,시트로엥/DS C5
43,1132,시트로엥/DS C6
43,1133,시트로엥/DS XM
43,1134,시트로엥/DS 잔티아
44,1135,아우디 뉴 A6
44,1136,아우디 A6
44,1137,아우디 A7
44,1138,아우디 뉴 A4
44,1139,아우디 A4
44,1140,아우디 Q5
44,1141,아우디 A5
44,1142,아우디 Q7
44,1143,아우디 뉴 A8
44,1144,아우디 A8
44,1145,아우디 Q3
44,1146,아우디 A3
44,1147,아우디 뉴 A3
44,1148,아우디 Q8
44,1149,아우디 e-트론
44,1150,아우디 R8
44,1151,아우디 Q4 e-트론
44,1152,아우디 SQ5
44,1153,아우디 Q2
44,1154,아우디 뉴 TT
44,1155,아우디 TT
44,1156,아우디 RS5
44,1157,아우디 RS7
44,1158,아우디 RSQ8
44,1159,아우디 S7
44,1160,아우디 S8
44,1161,아우디 TTS
44,1162,아우디 A1
44,1163,아우디 RS3
44,1164,아우디 S6
44,1165,아우디 S4
44,1166,아우디 뉴 S4
44,1167,아우디 Q8 e-트론
44,1168,아우디 S3
44,1169,아우디 e-트론 GT
44,1170,아우디 RS e-트론 GT
44,1171,아우디 SQ8
44,1172,아우디 RS6
44,1173,아우디 S5
44,1174,아우디 올로드 콰트로
44,1175,아우디 100
44,1176,아우디 80
44,1177,아우디 90
44,1178,아우디 RS4
44,1179,아우디 SQ7
44,1180,아우디 TTRS
44,1181,아우디 V8
44,1182,아우디 Q6 e-트론
44,1183,아우디 SQ8 e-트론
45,1184,알파 로메오 4C
45,1185,알파 로메오 147
45,1186,알파 로메오 156
45,1187,알파 로메오 159
45,1188,알파 로메오 166
45,1189,알파 로메오 미토
45,1190,알파 로메오 브레라
45,1191,알파 로메오 스파이더
45,1192,알파 로메오 줄리아
45,1193,알파 로메오 줄리에타
46,1194,애스턴마틴 밴티지 2세대
46,1195,애스턴마틴 V12 Vantage
46,1196,애스턴마틴 V8 Vantage
46,1197,애스턴마틴 DB11
46,1198,애스턴마틴 DBX
46,1199,애스턴마틴 라피드
46,1200,애스턴마틴 뱅퀴시 S
46,1201,애스턴마틴 뱅퀴시
46,1202,애스턴마틴 DBS
46,1203,애스턴마틴 DB9
46,1204,애스턴마틴 DB7
46,1205,애스턴마틴 비라지
47,1206,어큐라 TL
47,1207,어큐라 CL
47,1208,어큐라 ILX
47,1209,어큐라 MDX
47,1210,어큐라 NSX
47,1211,어큐라 RDX
47,1212,어큐라 RL
47,1213,어큐라 RSX
47,1214,어큐라 TLX
47,1215,어큐라 TSX
48,1216,오펠 벡트라
48,1217,오펠 비타
48,1218,오펠 스피드스터
48,1219,오펠 아스트라
48,1220,오펠 코르사
48,1221,오펠 티그라
49,1222,올즈모빌 실루엣
49,1223,올즈모빌 오로라
49,1224,올즈모빌 커트라스
49,1225,올즈모빌 알레로
49,1226,올즈모빌 브라바다
50,1227,이네오스 그레나디어
51,1228,이스즈 로데오
51,1229,이스즈 비크로스
51,1230,이스즈 트루퍼
52,1231,인피니티 Q50
52,1232,인피니티 QX60
52,1233,인피니티 G25
52,1234,인피니티 G37
52,1235,인피니티 G35
52,1236,인피니티 Q30
52,1237,인피니티 QX50
52,1238,인피니티 M35h
52,1239,인피니티 M30d
52,1240,인피니티 M37
52,1241,인피니티 M56
52,1242,인피니티 M35
52,1243,인피니티 M45
52,1244,인피니티 FX30d
52,1245,인피니티 FX37
52,1246,인피니티 FX50
52,1247,인피니티 FX35
52,1248,인피니티 FX45
52,1249,인피니티 Q70
52,1250,인피니티 QX70
52,1251,인피니티 Q60
52,1252,인피니티 QX30
52,1253,인피니티 QX80
52,1254,인피니티 EX30d
52,1255,인피니티 EX35
52,1256,인피니티 EX37
52,1257,인피니티 JX35
52,1258,인피니티 QX56
52,1259,인피니티 QX4
52,1260,인피니티 I35
52,1261,인피니티 I30
52,1262,인피니티 Q45
52,1263,인피니티 J30
53,1264,재규어 XF
53,1265,재규어 New XF
53,1266,재규어 F-PACE
53,1267,재규어 All New XJ
53,1268,재규어 New XJ
53,1269,재규어 XE
53,1270,재규어 F-TYPE
53,1271,재규어 E-PACE
53,1272,재규어 X-TYPE
53,1273,재규어 XJ-6
53,1274,재규어 S-TYPE
53,1275,재규어 XJ-8
53,1276,재규어 XKR-S
53,1277,재규어 XKR
53,1278,재규어 다임러
53,1279,재규어 I-PACE
53,1280,재규어 XJ-C
53,1281,재규어 XK8
53,1282,재규어 소버린
53,1283,재규어 XJR
53,1284,재규어 XJS
53,1285,재규어 XK
54,1286,지프 랭글러
54,1287,지프 체로키
54,1288,지프 그랜드 체로키
54,1289,지프 레니게이드
54,1290,지프 글래디에이터
54,1291,지프 컴패스 2세대
54,1292,지프 컴패스
54,1293,지프 커맨더
54,1294,지프 어벤저
54,1295,지프 CJ
54,1296,지프 패트리어트
55,1297,캐딜락 에스컬레이드 5세대
55,1298,캐딜락 에스컬레이드
55,1299,캐딜락 CT6
55,1300,캐딜락 CTS 3세대
55,1301,캐딜락 CTS 2세대
55,1302,캐딜락 CTS 1세대
55,1303,캐딜락 XT5
55,1304,캐딜락 ATS
55,1305,캐딜락 CT5
55,1306,캐딜락 XT4
55,1307,캐딜락 XT6
55,1308,캐딜락 올 뉴 SRX
55,1309,캐딜락 SRX
55,1310,캐딜락 CT5-V
55,1311,캐딜락 CT4
55,1312,캐딜락 스빌
55,1313,캐딜락 컨코어
55,1314,캐딜락 ATS-V
55,1315,캐딜락 DTS
55,1316,캐딜락 뉴 STS
55,1317,캐딜락 STS
55,1318,캐딜락 리릭
55,1319,캐딜락 BLS
55,1320,캐딜락 CT6-V
55,1321,캐딜락 XLR
55,1322,캐딜락 XTS
55,1323,캐딜락 드빌
55,1324,캐딜락 엘도라도
55,1325,캐딜락 플리트우드
56,1326,코닉세그 CC
56,1327,코닉세그 아제라
57,1328,크라이슬러 더 뉴 300C
57,1329,크라이슬러 올 뉴 300C
57,1330,크라이슬러 300C
57,1331,크라이슬러 200 2세대
57,1332,크라이슬러 200 1세대
57,1333,크라이슬러 그랜드 보이저
57,1334,크라이슬러 크로스파이어
57,1335,크라이슬러 PT 크루저
57,1336,크라이슬러 뉴 세브링
57,1337,크라이슬러 세브링
57,1338,크라이슬러 퍼시피카
57,1339,크라이슬러 프라울러
57,1340,크라이슬러 300M
57,1341,크라이슬러 LHS
57,1342,크라이슬러 네온
57,1343,크라이슬러 뉴요커
57,1344,크라이슬러 레바론
57,1345,크라이슬러 보이저
57,1346,크라이슬러 비전
57,1347,크라이슬러 스트라투스
57,1348,크라이슬러 시러스
57,1349,크라이슬러 이글 탈론
57,1350,크라이슬러 인트리피드
57,1351,크라이슬러 캐러밴
57,1352,크라이슬러 콩코드
57,1353,크라이슬러 타운 앤 컨트리
57,1354,크라이슬러 플리머스 레이저
57,1355,크라이슬러 기타
58,1356,테슬라 모델 3
58,1357,테슬라 모델 Y
58,1358,테슬라 모델 X
58,1359,테슬라 모델 S
58,1360,테슬라 사이버트럭
59,1361,파가니 존다
59,1362,파가니 후에이라
60,1363,페라리 488 피스타
60,1364,페라리 488 GTB
60,1365,페라리 488 스파이더
60,1366,페라리 포르토피노
60,1367,페라리 296 GTS
60,1368,페라리 296 GTB
60,1369,페라리 458
60,1370,페라리 812 GTS
60,1371,페라리 812 슈퍼패스트
60,1372,페라리 F8 트리뷰토
60,1373,페라리 F8 스파이더
60,1374,페라리 로마
60,1375,페라리 SF90 스파이더
60,1376,페라리 SF90 스트라달레
60,1377,페라리 캘리포니아
60,1378,페라리 GTC4 루쏘
60,1379,페라리 599 GTO
60,1380,페라리 599XX
60,1381,페라리 599 GTB
60,1382,페라리 F12 베를리네타
60,1383,페라리 612
60,1384,페라리 F430
60,1385,페라리 FF
60,1386,페라리 360
60,1387,페라리 F355
60,1388,페라리 308 GTS
60,1389,페라리 328 GTB
60,1390,페라리 575M
60,1391,페라리 푸로산게
60,1392,페라리 348
60,1393,페라리 456
60,1394,페라리 512 TR
60,1395,페라리 550
60,1396,페라리 F40
60,1397,페라리 F50
60,1398,페라리 라페라리
60,1399,페라리 엔초페라리
61,1400,포드 익스플로러 6세대
61,1401,포드 익스플로러
61,1402,포드 머스탱 7세대
61,1403,포드 머스탱 마하 E
61,1404,포드 머스탱
61,1405,포드 F150
61,1406,포드 레인저 4세대
61,1407,포드 레인저 3세대
61,1408,포드 몬데오 4세대
61,1409,포드 몬데오 3세대
61,1410,포드 몬데오
61,1411,포드 브롱코 6세대
61,1412,포드 브롱코
61,1413,포드 익스페디션
61,1414,포드 뉴 토러스
61,1415,포드 토러스
61,1416,포드 쿠가 2세대
61,1417,포드 이스케이프
61,1418,포드 트랜짓
61,1419,포드 포커스
61,1420,포드 퓨전
61,1421,포드 F350
61,1422,포드 E-Series
61,1423,포드 F250
61,1424,포드 프리스타일
61,1425,포드 익스플로러 스포츠트랙
61,1426,포드 파이브 헌드레드
61,1427,포드 GT
61,1428,포드 S-MAX
61,1429,포드 썬더버드
61,1430,포드 윈드스타
61,1431,포드 이코노라인
61,1432,포드 에코스포츠
61,1433,포드 컨투어
61,1434,포드 프로브
61,1435,포드 피에스타
61,1436,포드 플렉스
62,1437,포르쉐 카이엔
62,1438,포르쉐 뉴 카이엔
62,1439,포르쉐 파나메라
62,1440,포르쉐 718 카이맨
62,1441,포르쉐 718 박스터
62,1442,포르쉐 911
62,1443,포르쉐 마칸 EV
62,1444,포르쉐 마칸
62,1445,포르쉐 타이칸
62,1446,포르쉐 박스터
62,1447,포르쉐 카이맨
62,1448,포르쉐 928
62,1449,포르쉐 944
62,1450,포르쉐 968
62,1451,포르쉐 카레라 GT
63,1452,포톤 툰랜드
64,1453,폭스바겐 티구안 올스페이스
64,1454,폭스바겐 티구안 2세대
64,1455,폭스바겐 뉴 티구안
64,1456,폭스바겐 티구안
64,1457,폭스바겐 골프 8세대
64,1458,폭스바겐 골프 7세대
64,1459,폭스바겐 골프 6세대
64,1460,폭스바겐 골프 5세대
64,1461,폭스바겐 골프 4세대
64,1462,폭스바겐 골프 3세대
64,1463,폭스바겐 골프 2세대
64,1464,폭스바겐 골프 1세대
64,1465,폭스바겐 아테온
64,1466,폭스바겐 파사트 GT
64,1467,폭스바겐 더 뉴 파사트
64,1468,폭스바겐 뉴 파사트
64,1469,폭스바겐 파사트
64,1470,폭스바겐 파사트 바리안트
64,1471,폭스바겐 제타 7세대
64,1472,폭스바겐 뉴 제타
64,1473,폭스바겐 제타
64,1474,폭스바겐 투아렉 3세대
64,1475,폭스바겐 뉴 투아렉
64,1476,폭스바겐 투아렉
64,1477,폭스바겐 더 비틀
64,1478,폭스바겐 뉴 비틀
64,1479,폭스바겐 비틀
64,1480,폭스바겐 뉴 CC
64,1481,폭스바겐 CC
64,1482,폭스바겐 티록
64,1483,폭스바겐 ID.4
64,1484,폭스바겐 시로코
64,1485,폭스바겐 폴로
64,1486,폭스바겐 페이톤
64,1487,폭스바겐 EOS
64,1488,폭스바겐 ID.5
64,1489,폭스바겐 보라
64,1490,폭스바겐 아틀라스
64,1491,폭스바겐 리알타
64,1492,폭스바겐 마이크로버스
64,1493,폭스바겐 벤토
64,1494,폭스바겐 사란
64,1495,폭스바겐 코라도
64,1496,폭스바겐 트랜스포터
65,1497,폰티악 그랑프리
65,1498,폰티악 그랜드 앰
65,1499,폰티악 트랜스 앰
65,1500,폰티악 트랜스포트
65,1501,폰티악 토렌트
65,1502,폰티악 보네빌
65,1503,폰티악 선파이어
65,1504,폰티악 솔스티스
65,1505,폰티악 파이어버드
65,1506,폰티악 피에로
65,1507,폰티악 G8
66,1508,폴스타 폴스타 2
66,1509,폴스타 폴스타 4
67,1510,푸조 3008 2세대
67,1511,푸조 3008
67,1512,푸조 2008 2세대
67,1513,푸조 e-2008 2세대
67,1514,푸조 2008
67,1515,푸조 5008 2세대
67,1516,푸조 5008 1세대
67,1517,푸조 508SW 2세대
67,1518,푸조 508 2세대
67,1519,푸조 508 RXH
67,1520,푸조 508
67,1521,푸조 508SW
67,1522,푸조 308 3세대
67,1523,푸조 308 2세대
67,1524,푸조 308SW 2세대
67,1525,푸조 308
67,1526,푸조 308CC
67,1527,푸조 308SW
67,1528,푸조 e-208 2세대
67,1529,푸조 208
67,1530,푸조 207SW
67,1531,푸조 207CC
67,1532,푸조 207GT
67,1533,푸조 207RC
67,1534,푸조 408
67,1535,푸조 206RC
67,1536,푸조 206CC
67,1537,푸조 206
67,1538,푸조 206SW
67,1539,푸조 RCZ
67,1540,푸조 307CC
67,1541,푸조 307SW
67,1542,푸조 307
67,1543,푸조 407
67,1544,푸조 407SW
67,1545,푸조 407쿠페
67,1546,푸조 익스퍼트 티피
67,1547,푸조 306
67,1548,푸조 607
67,1549,푸조 107
67,1550,푸조 1007
67,1551,푸조 205
67,1552,푸조 405
67,1553,푸조 406
67,1554,푸조 605
67,1555,푸조 806
67,1556,푸조 807
68,1557,피아트 500e
68,1558,피아트 500C
68,1559,피아트 500
68,1560,피아트 500X
68,1561,피아트 프리몬트
68,1562,피아트 124 스파이더
68,1563,피아트 500L
68,1564,피아트 두카토
68,1565,피아트 란치아
68,1566,피아트 멀티피아
68,1567,피아트 바르게타
68,1568,피아트 쿠페
68,1569,피아트 크로마
68,1570,피아트 판다
68,1571,피아트 푼토
68,1572,피아트 기타
69,1573,험머 H2
69,1574,험머 H3T
69,1575,험머 H3
69,1576,험머 H1
70,1577,혼다 어코드 11세대
70,1578,혼다 어코드 10세대
70,1579,혼다 올뉴어코드
70,1580,혼다 어코드
70,1581,혼다 CR-V 6세대
70,1582,혼다 CR-V 5세대
70,1583,혼다 New CR-V
70,1584,혼다 CR-V
70,1585,혼다 파일럿 4세대
70,1586,혼다 파일럿 3세대
70,1587,혼다 파일럿
70,1588,혼다 오딧세이
70,1589,혼다 시빅
70,1590,혼다 레전드 5세대
70,1591,혼다 레전드 4세대
70,1592,혼다 레전드
70,1593,혼다 S660
70,1594,혼다 HR-V
70,1595,혼다 S2000
70,1596,혼다 CR-Z
70,1597,혼다 엘리멘트
70,1598,혼다 인사이트
70,1599,혼다 크로스투어
70,1600,혼다 N-BOX
70,1601,혼다 N-ONE
70,1602,혼다 Fit Aria
70,1603,혼다 Fit
70,1604,혼다 댓츠
70,1605,혼다 델솔
70,1606,혼다 라이프
70,1607,혼다 리지라인
70,1608,혼다 비트
70,1609,혼다 스텝웨건
70,1610,혼다 스트림
70,1611,혼다 인스파이어
70,1612,혼다 인테그라
70,1613,혼다 크로스로드
70,1614,혼다 패스포트
70,1615,혼다 프렐류드
71,1616,BYD E6
71,1617,BYD 아토 3
